<?xml version="1.0"?>
<config xmlns:xsi="http://www.w3.org/2001/XMLSchema-instance" xsi:noNamespaceSchemaLocation="../../../Backend/etc/system_file.xsd">
    <system>
        <tab id="tutorial" translate="label" sortOrder="1">
            <label>Jeff Tutorial</label>
        </tab>
        <section id="simplenews" translate="label" sortOrder="1" showInDefault="1" showInWebsite="1" showInStore="1">
            <label>LXR Product Feed</label>
            <tab>tutorial</tab>
            <resource>Jeff_SimpleNews::system_config</resource>
            <group id="general" translate="label" type="text" sortOrder="1" showInDefault="1" showInWebsite="1" showInStore="1">
                <label>General Settings</label>
                <field id="enable_in_frontend" translate="label" type="select" sortOrder="1" showInDefault="1" showInWebsite="1" showInStore="1">
                    <label>Enable In Frontend</label>
                    <source_model>Magento\Config\Model\Config\Source\Yesno</source_model>
                </field>
                <field id="head_title" translate="label comment" type="text" sortOrder="2" showInDefault="1" showInWebsite="1" showInStore="1">
                    <label>Head Title</label>
                    <comment>Fill head title of news list page at here</comment>
                    <validate>required-entry</validate>
                </field>
                <field id="latest_news_block_position" translate="label" type="select" sortOrder="3" showInDefault="1" showInWebsite="1" showInStore="1">
                    <label>Latest News Block Position</label>
                    <source_model>Jeff\SimpleNews\Model\System\Config\LatestNews\Position</source_model>
                </field>
				<field id="button_id" translate="label" type="button" sortOrder="10" showInDefault="1" showInWebsite="1" showInStore="1">
					<label>Label Text</label>
					<frontend_model>Jeff\SimpleNews\Block\System\Config\Button</frontend_model>
				</field>
            </group>
			<group id="general" translate="label" sortOrder="10" showInDefault="1" showInWebsite="0" showInStore="1">
                <label>Item creation by schedule</label>
                <field id="enabled" translate="label" type="select" sortOrder="10" showInDefault="1" showInWebsite="0" showInStore="0">
                    <label>Enabled</label>
                    <source_model>Magento\Config\Model\Config\Source\Yesno</source_model>
                </field>
                <field id="cron_expression" translate="label" type="text" sortOrder="20" showInDefault="1" showInWebsite="0" showInStore="0" canRestore="1">
                    <label>Add Item Cron Expression</label>
                </field>
            </group>
        </section>
    </system>
</config>